"id"	"Modified sequence"	"Sequence"	"Proteins"	"Leading proteins"	"Leading razor proteins"	"Protein names"	"Gene names"	"Protein group IDs"	"Razor protein group ID"	"Normalisation group"	"Evidence IDs"	"PEP"	"log10(Int.) - AS control 1"	"log10(Int.) - AS control 2"	"log10(Int.) - AS control 3"	"log10(Int.) - AS EtOH 1"	"log10(Int.) - AS EtOH 2"	"log10(Int.) - AS EtOH 3"	"log10(Int.) - KNO control 1"	"log10(Int.) - KNO control 2"	"log10(Int.) - KNO control 3"	"log10(Int.) - KNO EtOH 1"	"log10(Int.) - KNO EtOH 2"	"log10(Int.) - KNO EtOH 3"	"sva. log10(Int.) - AS control 1"	"sva. log10(Int.) - AS control 2"	"sva. log10(Int.) - AS control 3"	"sva. log10(Int.) - AS EtOH 1"	"sva. log10(Int.) - AS EtOH 2"	"sva. log10(Int.) - AS EtOH 3"	"sva. log10(Int.) - KNO control 1"	"sva. log10(Int.) - KNO control 2"	"sva. log10(Int.) - KNO control 3"	"sva. log10(Int.) - KNO EtOH 1"	"sva. log10(Int.) - KNO EtOH 2"	"sva. log10(Int.) - KNO EtOH 3"	"log2(Ratio) - AS control 1"	"log2(Ratio) - AS control 2"	"log2(Ratio) - AS control 3"	"log2(Ratio) - AS EtOH 1"	"log2(Ratio) - AS EtOH 2"	"log2(Ratio) - AS EtOH 3"	"log2(Ratio) - KNO control 1"	"log2(Ratio) - KNO control 2"	"log2(Ratio) - KNO control 3"	"log2(Ratio) - KNO EtOH 1"	"log2(Ratio) - KNO EtOH 2"	"log2(Ratio) - KNO EtOH 3"	"Potential contaminant"	"A Count"	"C Count"	"D Count"	"E Count"	"F Count"	"G Count"	"H Count"	"I Count"	"K Count"	"L Count"	"M Count"	"N Count"	"P Count"	"Q Count"	"R Count"	"S Count"	"T Count"	"V Count"	"W Count"	"Y Count"
7917	"_APPPS(ph)PVKK_"	"APPPSPVKK"	"Q9SUQ2"	"Q9SUQ2"	"Q9SUQ2"	"CRF2"	"CRF2"	"2104"	"2104"	"Standard"	"1203541;1203542;1203543;1203544;1203545;1203546;1203547"	3.62151e-05	NA	NA	3.37369016487122	4.79020525389354	4.74087395461586	5.07190390124725	NA	NA	NA	4.61147396188786	3.82550750576426	4.95038581020287	NA	NA	3.49876697524074	4.70667133294914	4.79933163485755	4.90931627082205	NA	NA	NA	4.52779767403312	3.92263759643238	4.7848539596862	NA	NA	9.61027951144475e-16	-0.326994257532355	-0.0191833973420395	0.346177654874394	NA	NA	NA	-0.92119969052078	-2.93149795420688	-0.0672771932423953	""	1	0	0	0	0	0	0	0	2	0	0	0	4	0	0	1	0	1	0	0
40102	"_GPDALTNFS(ph)VTPTTATEK_"	"GPDALTNFSVTPTTATEK"	"Q9SUQ2"	"Q9SUQ2"	"Q9SUQ2"	"CRF2"	"CRF2"	"2104"	"2104"	"Standard"	"1249731;1249732;1249733;1249734;1249735;1249736"	1.73258e-06	NA	NA	NA	4.82839730391105	5.11119236096756	4.63582395745897	NA	NA	NA	5.12850477855404	5.06513377262634	5.29283184733869	NA	NA	NA	4.77399658244559	5.06311100324776	4.6059743171961	NA	NA	NA	5.04457087236963	5.01829402555792	5.11177580528716	NA	NA	NA	-0.134086477866966	0.826330839232837	-0.692244361365871	NA	NA	NA	0.764741857585887	0.677452061917029	0.987991812359666	""	2	0	1	1	1	1	0	0	1	1	0	1	2	0	0	1	5	1	0	0
40103	"_GPDALTNFSVT(ph)PTTATEK_"	"GPDALTNFSVTPTTATEK"	"Q9SUQ2"	"Q9SUQ2"	"Q9SUQ2"	"CRF2"	"CRF2"	"2104"	"2104"	"Standard"	"1249737"	0.000201177	NA	NA	NA	4.84365890747008	NA	NA	NA	NA	NA	NA	NA	NA	NA	NA	NA	4.69152372733242	NA	NA	NA	NA	NA	NA	NA	NA	NA	NA	NA	3.20342650381492e-16	NA	NA	NA	NA	NA	NA	NA	NA	""	2	0	1	1	1	1	0	0	1	1	0	1	2	0	0	1	5	1	0	0
40104	"_GPDALTNFSVTPTTAT(ph)EK_"	"GPDALTNFSVTPTTATEK"	"Q9SUQ2"	"Q9SUQ2"	"Q9SUQ2"	"CRF2"	"CRF2"	"2104"	"2104"	"Standard"	"1249738;1249739;1249740;1249741;1249742"	0.000162199	NA	NA	NA	3.89990084555911	4.45935683555153	NA	NA	NA	NA	4.30479235220207	4.24625242940856	4.29923418558025	NA	NA	NA	3.92971304180152	4.42520107456429	NA	NA	NA	NA	4.31028610234809	4.2135126253071	4.17504879784863	NA	NA	NA	-0.822987808357559	0.822987808357558	NA	NA	NA	NA	0.441248533629363	0.119774001406951	-0.00800006766423723	""	2	0	1	1	1	1	0	0	1	1	0	1	2	0	0	1	5	1	0	0
40105	"_GPDALTNFSVTPTTATEK_"	"GPDALTNFSVTPTTATEK"	"Q9SUQ2"	"Q9SUQ2"	"Q9SUQ2"	"CRF2"	"CRF2"	"2104"	"2104"	"Standard"	"376366;376367;376368;376369;376370;376371"	5.01209e-07	NA	NA	NA	5.43224119457334	5.50540371691234	5.19698416739291	NA	NA	NA	5.67103889331544	5.55992497306969	5.70823202140567	NA	NA	NA	5.32973267537084	5.49027095752949	5.07059700929534	NA	NA	NA	5.53942383531046	5.5425573128993	5.48846505757153	NA	NA	NA	0.109177806571918	0.64247443637971	-0.751652242951624	NA	NA	NA	0.805756762024882	0.81616594926194	0.636475366572817	""	2	0	1	1	1	1	0	0	1	1	0	1	2	0	0	1	5	1	0	0
53293	"_ISVTDPDATDSSSDDEEEEHQR_"	"ISVTDPDATDSSSDDEEEEHQR"	"Q9SUQ2"	"Q9SUQ2"	"Q9SUQ2"	"CRF2"	"CRF2"	"2104"	"2104"	"Standard"	"506513;506514;506515;506516"	0.000351519	NA	NA	NA	NA	3.27956651775904	NA	NA	NA	NA	3.47993521626655	3.35797567592357	3.25218096960116	NA	NA	NA	NA	3.44257428424688	NA	NA	NA	NA	3.4150082341194	3.53670512470145	3.26883229914513	NA	NA	NA	NA	-6.40685300762984e-16	NA	NA	NA	NA	-0.0915724363835518	0.312695883501402	-0.577158381571012	""	1	0	5	4	0	0	1	1	0	0	0	0	1	1	1	4	2	1	0	0
55153	"_KAPPPS(ph)PVK_"	"KAPPPSPVK"	"Q9SUQ2"	"Q9SUQ2"	"Q9SUQ2"	"CRF2"	"CRF2"	"2104"	"2104"	"Standard"	"1267154;1267155;1267156;1267157;1267158;1267159;1267160;1267161;1267162"	1.73258e-06	NA	3.34325739638701	NA	5.45995567868387	5.25212941526399	5.34459568273606	NA	3.5866578406989	3.66522609209942	5.28628301155723	5.1619506729657	5.43897688613649	NA	3.66551702716362	NA	5.33074867458638	5.30819000023785	5.21941976561898	NA	3.86971520858546	3.80262308262935	5.14690729174524	5.23205785936606	5.27409608351495	NA	0	NA	0.148254974857916	0.0733166807561192	-0.221571655614037	NA	0.67833167579012	0.455456457630816	-0.462452879805006	-0.179588816929785	-0.0399408590704405	""	1	0	0	0	0	0	0	0	2	0	0	0	4	0	0	1	0	1	0	0
91489	"_SESTVS(ph)PVVSATTTTTGEKK_"	"SESTVSPVVSATTTTTGEKK"	"Q9SUQ2"	"Q9SUQ2"	"Q9SUQ2"	"CRF2"	"CRF2"	"2104"	"2104"	"Standard"	"1310646;1310647"	2.11383e-06	NA	NA	NA	3.10368558875528	NA	3.83511860431275	NA	NA	NA	NA	NA	NA	NA	NA	NA	3.20689881494683	NA	3.78007585536871	NA	NA	NA	NA	NA	NA	NA	NA	NA	-0.9520264569609	NA	0.9520264569609	NA	NA	NA	NA	NA	NA	""	1	0	0	2	0	1	0	0	2	0	0	0	1	0	0	4	6	3	0	0
91490	"_SESTVS(ph)PVVSATTTTTGEK_"	"SESTVSPVVSATTTTTGEK"	"Q9SUQ2"	"Q9SUQ2"	"Q9SUQ2"	"CRF2"	"CRF2"	"2104"	"2104"	"Standard"	"1310639;1310640;1310641;1310642;1310643;1310644;1310645"	1.62199e-06	NA	4.15031233471257	NA	5.27618642303528	5.35841648585646	5.3522835509407	NA	NA	NA	5.25781483656215	5.34469165163034	5.48700296498142	NA	4.23289347173806	NA	5.23693064216893	5.36907240412748	5.21531227399397	NA	NA	NA	5.21025588619616	5.35794263890687	5.30463751573908	NA	-9.61027951144476e-16	NA	-0.122383588984002	0.316581842574027	-0.194198253590021	NA	NA	NA	-0.210995210274225	0.279609562798177	0.102533776545644	""	1	0	0	2	0	1	0	0	1	0	0	0	1	0	0	4	6	3	0	0
91491	"_SESTVSPVVSATTTTTGEKK_"	"SESTVSPVVSATTTTTGEKK"	"Q9SUQ2"	"Q9SUQ2"	"Q9SUQ2"	"CRF2"	"CRF2"	"2104"	"2104"	"Standard"	"865983"	0.000262427	NA	NA	NA	NA	NA	4.04554813146454	NA	NA	NA	NA	NA	NA	NA	NA	NA	NA	NA	4.02535532193258	NA	NA	NA	NA	NA	NA	NA	NA	NA	NA	NA	6.40685300762983e-16	NA	NA	NA	NA	NA	NA	""	1	0	0	2	0	1	0	0	2	0	0	0	1	0	0	4	6	3	0	0
91492	"_SESTVSPVVSATTTTTGEK_"	"SESTVSPVVSATTTTTGEK"	"Q9SUQ2"	"Q9SUQ2"	"Q9SUQ2"	"CRF2"	"CRF2"	"2104"	"2104"	"Standard"	"865973;865974;865975;865976;865977;865978;865979;865980;865981;865982"	4.65337e-07	3.68841715912296	3.44382478590153	NA	5.64590906767435	5.63667439751233	5.62961511773064	3.62912053288089	3.50702889085627	NA	5.51578469542246	5.66821042188517	5.57706765396419	3.87988593464167	3.67581994302665	NA	5.6062020399319	5.62352089150351	5.40953526459083	3.81391059150308	3.72609600178666	NA	5.48228011384775	5.65332108042658	5.33385125019671	0.338946275378495	-0.338946275378496	NA	0.198593635576499	0.256125615183418	-0.454719250759917	0.119780929436594	-0.171932823283387	NA	-0.213066092254984	0.355119699999915	-0.706136104509587	""	1	0	0	2	0	1	0	0	1	0	0	0	1	0	0	4	6	3	0	0
96378	"_SPFAVDEFSGISSS(ph)PVAAVVVK_"	"SPFAVDEFSGISSSPVAAVVVK"	"Q9SUQ2"	"Q9SUQ2"	"Q9SUQ2"	"CRF2"	"CRF2"	"2104"	"2104"	"Standard"	"1318406;1318407;1318408;1318409;1318410;1318411;1318412;1318413"	1.73258e-06	3.63901806677576	NA	NA	4.70826329569628	4.56744552094798	4.24665837814645	3.45478743435928	NA	NA	4.29054599204578	4.23194941434678	4.47486639930446	3.91073923554038	NA	NA	4.68831363922656	4.49562870868751	4.19534556677499	3.7654737453958	NA	NA	4.37696729016143	4.11679507863402	4.38021025104934	6.40685300762983e-16	NA	NA	0.759229991326144	0.119144507107059	-0.878374498433205	-0.482561512928856	NA	NA	-0.27504019287391	-1.13931357185579	-0.264267309989736	""	3	0	1	1	2	1	0	1	1	0	0	0	2	0	0	5	0	5	0	0
96379	"_SPFAVDEFSGISSSPVAAVVVK_"	"SPFAVDEFSGISSSPVAAVVVK"	"Q9SUQ2"	"Q9SUQ2"	"Q9SUQ2"	"CRF2"	"CRF2"	"2104"	"2104"	"Standard"	"911480;911481;911482;911483;911484;911485"	5.7839e-05	NA	NA	NA	5.08454230904244	5.05127559718329	5.07544948288347	NA	NA	NA	5.01036103661545	5.12182467620888	4.82239409627813	NA	NA	NA	5.00238318354088	5.00803132807207	4.9710400272642	NA	NA	NA	4.92546597450409	5.07982751590694	4.73496409879852	NA	NA	NA	0.0284523271386061	0.0472150571407402	-0.075667384279349	NA	NA	NA	-0.227061110541059	0.285716830615185	-0.859894643576125	""	3	0	1	1	2	1	0	1	1	0	0	0	2	0	0	5	0	5	0	0
98268	"_SSS(ph)NDC(ca)LC(ca)SPVSVLR_"	"SSSNDCLCSPVSVLR"	"Q9SUQ2"	"Q9SUQ2"	"Q9SUQ2"	"CRF2"	"CRF2"	"2104"	"2104"	"Standard"	"1321770;1321771;1321772;1321773;1321774;1321775"	1.62199e-06	NA	NA	NA	4.88696382652264	5.10063689163326	4.5287246003818	NA	NA	NA	4.96799950887315	4.85741103514638	4.98663978078803	NA	NA	NA	4.80998565222475	5.04347081317305	4.49058840763464	NA	NA	NA	4.8747748811684	4.82000946612706	4.86258328222444	NA	NA	NA	0.0951312547799993	0.870752170673472	-0.965883425453472	NA	NA	NA	0.310356414654026	0.128429643800021	0.269856799600478	""	0	2	1	0	0	0	0	0	0	2	0	1	1	0	1	5	0	2	0	0
98370	"_SSSNDC(ca)LC(ca)S(ph)PVSVLR_"	"SSSNDCLCSPVSVLR"	"Q9SUQ2"	"Q9SUQ2"	"Q9SUQ2"	"CRF2"	"CRF2"	"2104"	"2104"	"Standard"	"1322078;1322079;1322080;1322081;1322082;1322083"	1.62199e-06	NA	NA	NA	4.99132113132585	5.22023513276058	4.72311176108	NA	NA	NA	5.05197122766833	5.07734821643047	5.14657219141231	NA	NA	NA	4.94454152419573	5.15827172895044	4.62997010846183	NA	NA	NA	4.98854474527337	5.02385164394042	4.97960795274079	NA	NA	NA	0.111662417291397	0.821658789192117	-0.933321206483511	NA	NA	NA	0.257837953654745	0.37512493228017	0.228150571462587	""	0	2	1	0	0	0	0	0	0	2	0	1	1	0	1	5	0	2	0	0
98371	"_SSSNDC(ca)LC(ca)SPVSVLR_"	"SSSNDCLCSPVSVLR"	"Q9SUQ2"	"Q9SUQ2"	"Q9SUQ2"	"CRF2"	"CRF2"	"2104"	"2104"	"Standard"	"929577;929578;929579;929580;929581;929582"	6.46745e-07	NA	NA	NA	4.78513498327712	4.7281083337323	4.87223476168871	NA	NA	NA	4.714781959868	4.64411939134732	4.76012849078471	NA	NA	NA	4.71362577268138	4.72868372802621	4.73542428606282	NA	NA	NA	4.63904984815848	4.64235558663459	4.62227414671293	NA	NA	NA	-0.0408115129800496	0.00920993193149891	0.0316015810485488	NA	NA	NA	-0.288547371854854	-0.277565946336706	-0.344275045798262	""	0	2	1	0	0	0	0	0	0	2	0	1	1	0	1	5	0	2	0	0
99885	"_SVTASSS(ph)ISR_"	"SVTASSSISR"	"Q9SUQ2"	"Q9SUQ2"	"Q9SUQ2"	"CRF2"	"CRF2"	"2104"	"2104"	"Standard"	"1324718;1324719;1324720;1324721;1324722;1324723"	1.62199e-06	NA	NA	NA	4.99001313219216	4.92192989356814	4.55506327154778	NA	NA	NA	4.93478357210932	4.80742743601289	4.73839343582533	NA	NA	NA	4.86628859955041	4.88930017370134	4.5390992588525	NA	NA	NA	4.80787012572959	4.77924679663144	4.67104090236373	NA	NA	NA	0.336818889510824	0.413261684190387	-0.750080573701212	NA	NA	NA	0.142756920065013	0.0476722789646466	-0.311779921235646	""	1	0	0	0	0	0	0	1	0	0	0	0	0	0	1	5	1	1	0	0
105291	"_TNTTTIVSELTNTHQTR_"	"TNTTTIVSELTNTHQTR"	"Q9SUQ2"	"Q9SUQ2"	"Q9SUQ2"	"CRF2"	"CRF2"	"2104"	"2104"	"Standard"	"995368;995369;995370;995371;995372;995373;995374;995375;995376;995377;995378;995379"	4.65337e-07	NA	NA	NA	5.63973820166721	5.59709564475924	5.70448741368926	NA	NA	NA	5.64415907764223	5.53364192446272	5.74113465791166	NA	NA	NA	5.55619398395334	5.61555787075284	5.47795568271628	NA	NA	NA	5.55092690260958	5.55457339443742	5.48416943729166	NA	NA	NA	0.0208998158648979	0.218102379245852	-0.239002195110749	NA	NA	NA	0.00340295037099264	0.0155163340216965	-0.218360549212078	""	0	0	0	1	0	0	1	1	0	1	0	2	0	1	1	1	7	1	0	0
119442	"_WAAEIRDPLK_"	"WAAEIRDPLK"	"B3H5K8;Q8H0T5;Q8H0T5-2;Q9CA27;Q9SUQ2"	"Q9SUQ2;B3H5K8;Q8H0T5;Q8H0T5-2"	"Q9SUQ2"	"B3H5K8;ERF73;EF118;CRF2"	"ERF73;ERF073;ERF118;CRF2"	"2104;10225"	"2104"	"Standard"	"1133063;1133064;1133065;1133066;1133067;1133068;1133069"	0.000226049	NA	NA	NA	5.06551949910449	5.13047622575304	5.05448788681848	NA	NA	4.46668611199361	5.10840308604228	5.09871144046629	5.12278872207272	NA	NA	NA	5.02157245594638	5.1086998444462	4.99368852929783	NA	NA	4.49850959895526	5.0518779180073	5.08010577119367	5.02621806016751	NA	NA	NA	-0.0656008401207187	0.223830079571013	-0.158229239450292	NA	NA	NA	0.0350717257280168	0.128842624286174	-0.0501684769408048	""	2	0	1	1	0	0	0	1	1	1	0	0	1	0	1	0	0	0	1	0
